<mvc:View
	controllerName="sap.m.sample.FacetFilterSimple.FacetFilter"
	xmlns:mvc="sap.ui.core.mvc"
	xmlns="sap.m">
	<VBox
		id="idVBox">
		<items>

			<FacetFilter
				id="idFacetFilter"
				type="Light"
				showPersonalization="true"
				showReset="true"
				reset="handleFacetFilterReset"
				lists="{/ProductCollectionStats/Filters}">
				<lists>
					<FacetFilterList
						title="{type}"
						key="{key}"
						mode="MultiSelect"
						listClose="handleListClose"
						items="{path: 'values', templateShareable: 'true'}" >
						<items>
							<FacetFilterItem
								text="{text}"
								key="{key}"
								count="{data}" />
						</items>
					</FacetFilterList>
				</lists>
			</FacetFilter>

			<!-- A demo table will be appended here -->

		</items>
	</VBox>
</mvc:View>