<edmx:Edmx
    xmlns:edmx="http://schemas.microsoft.com/ado/2007/06/edmx"
    xmlns:m="http://schemas.microsoft.com/ado/2007/08/dataservices/metadata"
    xmlns:sap="http://www.sap.com/Protocols/SAPData" Version="1.0">
    <edmx:Reference
        xmlns:edmx="http://docs.oasis-open.org/odata/ns/edmx" Uri="./IWFND/CATALOGSERVICE;v=2/Vocabularies(TechnicalName='%2FIWBEP%2FVOC_COMMON',Version='0001',SAP__Origin='S4H_FIORI')/$value">
        <edmx:Include Namespace="com.sap.vocabularies.Common.v1" Alias="Common"/>
    </edmx:Reference>
    <edmx:DataServices m:DataServiceVersion="2.0">
        <Schema
            xmlns="http://schemas.microsoft.com/ado/2008/09/edm" Namespace="ZC_PERSONHEADER_CDS" xml:lang="en" sap:schema-version="1">
            <EntityType Name="ZC_PersonHeaderType" sap:label="Person Header" sap:content-version="1">
                <Key>
                    <PropertyRef Name="Person"/>
                </Key>
                <Property Name="Person" Type="Edm.String" Nullable="false" MaxLength="6" sap:display-format="NonNegative" sap:label="Person" sap:creatable="false" sap:updatable="false"/>
                <Property Name="BirthDay" Type="Edm.DateTime" Precision="0" sap:display-format="Date" sap:label="Birthday"/>
                <Property Name="FirstName" Type="Edm.String" MaxLength="40" sap:label="First Name"/>
                <Property Name="LastName" Type="Edm.String" MaxLength="40" sap:label="Last Name"/>
                <NavigationProperty Name="to_PersonItem" Relationship="ZC_PERSONHEADER_CDS.assoc_E5D87941DA386351CD8EF98151E867CF" FromRole="FromRole_assoc_E5D87941DA386351CD8EF98151E867CF" ToRole="ToRole_assoc_E5D87941DA386351CD8EF98151E867CF"/>
            </EntityType>
            <EntityType Name="ZC_PersonItemType" sap:label="Person Item" sap:content-version="1">
                <Key>
                    <PropertyRef Name="Person"/>
                    <PropertyRef Name="PersonSkill"/>
                </Key>
                <Property Name="Person" Type="Edm.String" Nullable="false" MaxLength="6" sap:display-format="NonNegative" sap:label="Person" sap:creatable="false" sap:updatable="false"/>
                <Property Name="PersonSkill" Type="Edm.String" Nullable="false" MaxLength="2" sap:display-format="NonNegative" sap:label="Person Skill" sap:creatable="false" sap:updatable="false"/>
                <Property Name="Skill" Type="Edm.String" MaxLength="40" sap:label="Skill"/>
                <Property Name="Rating" Type="Edm.String" MaxLength="1" sap:display-format="NonNegative" sap:label="Rating"/>
            </EntityType>
            <Association Name="assoc_E5D87941DA386351CD8EF98151E867CF" sap:content-version="1">
                <End Type="ZC_PERSONHEADER_CDS.ZC_PersonHeaderType" Multiplicity="1" Role="FromRole_assoc_E5D87941DA386351CD8EF98151E867CF"/>
                <End Type="ZC_PERSONHEADER_CDS.ZC_PersonItemType" Multiplicity="*" Role="ToRole_assoc_E5D87941DA386351CD8EF98151E867CF"/>
            </Association>
            <EntityContainer Name="ZC_PERSONHEADER_CDS_Entities" m:IsDefaultEntityContainer="true" sap:supported-formats="atom json xlsx">
                <EntitySet Name="ZC_PersonHeader" EntityType="ZC_PERSONHEADER_CDS.ZC_PersonHeaderType" sap:content-version="1"/>
                <EntitySet Name="ZC_PersonItem" EntityType="ZC_PERSONHEADER_CDS.ZC_PersonItemType" sap:content-version="1"/>
                <AssociationSet Name="assoc_E5D87941DA386351CD8EF98151E867CF" Association="ZC_PERSONHEADER_CDS.assoc_E5D87941DA386351CD8EF98151E867CF" sap:creatable="false" sap:updatable="false" sap:deletable="false" sap:content-version="1">
                    <End EntitySet="ZC_PersonHeader" Role="FromRole_assoc_E5D87941DA386351CD8EF98151E867CF"/>
                    <End EntitySet="ZC_PersonItem" Role="ToRole_assoc_E5D87941DA386351CD8EF98151E867CF"/>
                </AssociationSet>
            </EntityContainer>
            <Annotations
                xmlns="http://docs.oasis-open.org/odata/ns/edm" Target="ZC_PERSONHEADER_CDS.ZC_PersonHeaderType">
                <Annotation Term="Common.SemanticKey">
                    <Collection>
                        <PropertyPath>Person</PropertyPath>
                    </Collection>
                </Annotation>
            </Annotations>
            <Annotations
                xmlns="http://docs.oasis-open.org/odata/ns/edm" Target="ZC_PERSONHEADER_CDS.ZC_PersonItemType">
                <Annotation Term="Common.SemanticKey">
                    <Collection>
                        <PropertyPath>PersonSkill</PropertyPath>
                        <PropertyPath>Person</PropertyPath>
                    </Collection>
                </Annotation>
            </Annotations>
            <atom:link
                xmlns:atom="http://www.w3.org/2005/Atom" rel="self" href="./sap/ZC_PERSONHEADER_CDS/$metadata"/>
                <atom:link
                    xmlns:atom="http://www.w3.org/2005/Atom" rel="latest-version" href="./sap/ZC_PERSONHEADER_CDS/$metadata"/>
                </Schema>
            </edmx:DataServices>
        </edmx:Edmx>