[{
	"AirLineID": "AirLineID 1",
	"FlightConnectionID": "FlightConnectionID 1",
	"FlightDate": "/Date(1230751964000)/",
	"BookingID": "BookingID 1",
	"CustomerID": "CustomerID 1",
	"CustomerType": "CustomerType 1",
	"Smoker": true,
	"LuggageWeight": 9.85,
	"WeightUnit": "WeightUnit 1",
	"Invoice": true,
	"FlightClass": "FlightClass 1",
	"PriceInForeignCurrency": 416.31,
	"ForeignCurrencyCode": "ForeignCurrencyCode 1",
	"PriceInLocalCurrency": 6671.92,
	"LocalCurrencyCode": "LocalCurrencyCode 1",
	"BookingDate": "/Date(1114281164000)/",
	"SalesOfficeID": "SalesOfficeID 1",
	"TravelAgencyID": "TravelAgencyID 1",
	"Cancelled": false,
	"Reserved": true,
	"PassengerName": "PassengerName 1",
	"Title": "Title 1",
	"PassengerDateOfBirth": "/Date(1264188764000)/",
	"__metadata": {
		"uri": "BookingCollection(AirLineID='AirLineID%201',FlightConnectionID='FlightConnectionID%201',FlightDate=datetime'2000-09-01T18%3A32%3A44',BookingID='BookingID%201')",
		"type": "RMTSAMPLEFLIGHT_2.Booking"
	},
	"BookedFlight": {
		"__deferred": {
			"uri": "BookingCollection(AirLineID='AirLineID%201',FlightConnectionID='FlightConnectionID%201',FlightDate=datetime'2000-09-01T18%3A32%3A44',BookingID='BookingID%201')/BookedFlight"
		}
	}
}, {
	"AirLineID": "AirLineID 2",
	"FlightConnectionID": "FlightConnectionID 2",
	"FlightDate": "/Date(1134156764000)/",
	"BookingID": "BookingID 2",
	"CustomerID": "CustomerID 2",
	"CustomerType": "CustomerType 2",
	"Smoker": false,
	"LuggageWeight": 2613.6,
	"WeightUnit": "WeightUnit 2",
	"Invoice": true,
	"FlightClass": "FlightClass 2",
	"PriceInForeignCurrency": 7960.43,
	"ForeignCurrencyCode": "ForeignCurrencyCode 2",
	"PriceInLocalCurrency": 2584.86,
	"LocalCurrencyCode": "LocalCurrencyCode 2",
	"BookingDate": "/Date(1149186764000)/",
	"SalesOfficeID": "SalesOfficeID 2",
	"TravelAgencyID": "TravelAgencyID 2",
	"Cancelled": false,
	"Reserved": false,
	"PassengerName": "PassengerName 2",
	"Title": "Title 2",
	"PassengerDateOfBirth": "/Date(1224700364000)/",
	"__metadata": {
		"uri": "BookingCollection(AirLineID='AirLineID%202',FlightConnectionID='FlightConnectionID%202',FlightDate=datetime'2017-10-28T18%3A32%3A44',BookingID='BookingID%202')",
		"type": "RMTSAMPLEFLIGHT_2.Booking"
	},
	"BookedFlight": {
		"__deferred": {
			"uri": "BookingCollection(AirLineID='AirLineID%202',FlightConnectionID='FlightConnectionID%202',FlightDate=datetime'2017-10-28T18%3A32%3A44',BookingID='BookingID%202')/BookedFlight"
		}
	}
}, {
	"AirLineID": "AirLineID 3",
	"FlightConnectionID": "FlightConnectionID 3",
	"FlightDate": "/Date(1485891164000)/",
	"BookingID": "BookingID 3",
	"CustomerID": "CustomerID 3",
	"CustomerType": "CustomerType 3",
	"Smoker": true,
	"LuggageWeight": 5101.49,
	"WeightUnit": "WeightUnit 3",
	"Invoice": false,
	"FlightClass": "FlightClass 3",
	"PriceInForeignCurrency": 7638.68,
	"ForeignCurrencyCode": "ForeignCurrencyCode 3",
	"PriceInLocalCurrency": 100.85,
	"LocalCurrencyCode": "LocalCurrencyCode 3",
	"BookingDate": "/Date(1157740364000)/",
	"SalesOfficeID": "SalesOfficeID 3",
	"TravelAgencyID": "TravelAgencyID 3",
	"Cancelled": false,
	"Reserved": false,
	"PassengerName": "PassengerName 3",
	"Title": "Title 3",
	"PassengerDateOfBirth": "/Date(1139254364000)/",
	"__metadata": {
		"uri": "BookingCollection(AirLineID='AirLineID%203',FlightConnectionID='FlightConnectionID%203',FlightDate=datetime'2007-09-18T18%3A32%3A44',BookingID='BookingID%203')",
		"type": "RMTSAMPLEFLIGHT_2.Booking"
	},
	"BookedFlight": {
		"__deferred": {
			"uri": "BookingCollection(AirLineID='AirLineID%203',FlightConnectionID='FlightConnectionID%203',FlightDate=datetime'2007-09-18T18%3A32%3A44',BookingID='BookingID%203')/BookedFlight"
		}
	}
}, {
	"AirLineID": "AirLineID 4",
	"FlightConnectionID": "FlightConnectionID 4",
	"FlightDate": "/Date(1545939164000)/",
	"BookingID": "BookingID 4",
	"CustomerID": "CustomerID 4",
	"CustomerType": "CustomerType 4",
	"Smoker": true,
	"LuggageWeight": 8688.55,
	"WeightUnit": "WeightUnit 4",
	"Invoice": true,
	"FlightClass": "FlightClass 4",
	"PriceInForeignCurrency": 9523.1,
	"ForeignCurrencyCode": "ForeignCurrencyCode 4",
	"PriceInLocalCurrency": 8078.05,
	"LocalCurrencyCode": "LocalCurrencyCode 4",
	"BookingDate": "/Date(1301423564000)/",
	"SalesOfficeID": "SalesOfficeID 4",
	"TravelAgencyID": "TravelAgencyID 4",
	"Cancelled": true,
	"Reserved": true,
	"PassengerName": "PassengerName 4",
	"Title": "Title 4",
	"PassengerDateOfBirth": "/Date(1516131164000)/",
	"__metadata": {
		"uri": "BookingCollection(AirLineID='AirLineID%204',FlightConnectionID='FlightConnectionID%204',FlightDate=datetime'2014-07-14T18%3A32%3A44',BookingID='BookingID%204')",
		"type": "RMTSAMPLEFLIGHT_2.Booking"
	},
	"BookedFlight": {
		"__deferred": {
			"uri": "BookingCollection(AirLineID='AirLineID%204',FlightConnectionID='FlightConnectionID%204',FlightDate=datetime'2014-07-14T18%3A32%3A44',BookingID='BookingID%204')/BookedFlight"
		}
	}
}, {
	"AirLineID": "AirLineID 5",
	"FlightConnectionID": "FlightConnectionID 5",
	"FlightDate": "/Date(1316975564000)/",
	"BookingID": "BookingID 5",
	"CustomerID": "CustomerID 5",
	"CustomerType": "CustomerType 5",
	"Smoker": false,
	"LuggageWeight": 3324.62,
	"WeightUnit": "WeightUnit 5",
	"Invoice": false,
	"FlightClass": "FlightClass 5",
	"PriceInForeignCurrency": 591.67,
	"ForeignCurrencyCode": "ForeignCurrencyCode 5",
	"PriceInLocalCurrency": 4853.71,
	"LocalCurrencyCode": "LocalCurrencyCode 5",
	"BookingDate": "/Date(990297164000)/",
	"SalesOfficeID": "SalesOfficeID 5",
	"TravelAgencyID": "TravelAgencyID 5",
	"Cancelled": true,
	"Reserved": false,
	"PassengerName": "PassengerName 5",
	"Title": "Title 5",
	"PassengerDateOfBirth": "/Date(1532370764000)/",
	"__metadata": {
		"uri": "BookingCollection(AirLineID='AirLineID%205',FlightConnectionID='FlightConnectionID%205',FlightDate=datetime'2010-05-18T18%3A32%3A44',BookingID='BookingID%205')",
		"type": "RMTSAMPLEFLIGHT_2.Booking"
	},
	"BookedFlight": {
		"__deferred": {
			"uri": "BookingCollection(AirLineID='AirLineID%205',FlightConnectionID='FlightConnectionID%205',FlightDate=datetime'2010-05-18T18%3A32%3A44',BookingID='BookingID%205')/BookedFlight"
		}
	}
}, {
	"AirLineID": "AirLineID 6",
	"FlightConnectionID": "FlightConnectionID 6",
	"FlightDate": "/Date(1088447564000)/",
	"BookingID": "BookingID 6",
	"CustomerID": "CustomerID 6",
	"CustomerType": "CustomerType 6",
	"Smoker": false,
	"LuggageWeight": 4053.58,
	"WeightUnit": "WeightUnit 6",
	"Invoice": true,
	"FlightClass": "FlightClass 6",
	"PriceInForeignCurrency": 7495.46,
	"ForeignCurrencyCode": "ForeignCurrencyCode 6",
	"PriceInLocalCurrency": 7826.71,
	"LocalCurrencyCode": "LocalCurrencyCode 6",
	"BookingDate": "/Date(1539973964000)/",
	"SalesOfficeID": "SalesOfficeID 6",
	"TravelAgencyID": "TravelAgencyID 6",
	"Cancelled": true,
	"Reserved": false,
	"PassengerName": "PassengerName 6",
	"Title": "Title 6",
	"PassengerDateOfBirth": "/Date(1555525964000)/",
	"__metadata": {
		"uri": "BookingCollection(AirLineID='AirLineID%206',FlightConnectionID='FlightConnectionID%206',FlightDate=datetime'2008-05-07T18%3A32%3A44',BookingID='BookingID%206')",
		"type": "RMTSAMPLEFLIGHT_2.Booking"
	},
	"BookedFlight": {
		"__deferred": {
			"uri": "BookingCollection(AirLineID='AirLineID%206',FlightConnectionID='FlightConnectionID%206',FlightDate=datetime'2008-05-07T18%3A32%3A44',BookingID='BookingID%206')/BookedFlight"
		}
	}
}, {
	"AirLineID": "AirLineID 7",
	"FlightConnectionID": "FlightConnectionID 7",
	"FlightDate": "/Date(1074281564000)/",
	"BookingID": "BookingID 7",
	"CustomerID": "CustomerID 7",
	"CustomerType": "CustomerType 7",
	"Smoker": true,
	"LuggageWeight": 3812,
	"WeightUnit": "WeightUnit 7",
	"Invoice": true,
	"FlightClass": "FlightClass 7",
	"PriceInForeignCurrency": 6152.62,
	"ForeignCurrencyCode": "ForeignCurrencyCode 7",
	"PriceInLocalCurrency": 7116.64,
	"LocalCurrencyCode": "LocalCurrencyCode 7",
	"BookingDate": "/Date(1239388364000)/",
	"SalesOfficeID": "SalesOfficeID 7",
	"TravelAgencyID": "TravelAgencyID 7",
	"Cancelled": true,
	"Reserved": false,
	"PassengerName": "PassengerName 7",
	"Title": "Title 7",
	"PassengerDateOfBirth": "/Date(1268422364000)/",
	"__metadata": {
		"uri": "BookingCollection(AirLineID='AirLineID%207',FlightConnectionID='FlightConnectionID%207',FlightDate=datetime'2002-12-09T19%3A32%3A44',BookingID='BookingID%207')",
		"type": "RMTSAMPLEFLIGHT_2.Booking"
	},
	"BookedFlight": {
		"__deferred": {
			"uri": "BookingCollection(AirLineID='AirLineID%207',FlightConnectionID='FlightConnectionID%207',FlightDate=datetime'2002-12-09T19%3A32%3A44',BookingID='BookingID%207')/BookedFlight"
		}
	}
}, {
	"AirLineID": "AirLineID 8",
	"FlightConnectionID": "FlightConnectionID 8",
	"FlightDate": "/Date(1203967964000)/",
	"BookingID": "BookingID 8",
	"CustomerID": "CustomerID 8",
	"CustomerType": "CustomerType 8",
	"Smoker": true,
	"LuggageWeight": 3189.11,
	"WeightUnit": "WeightUnit 8",
	"Invoice": false,
	"FlightClass": "FlightClass 8",
	"PriceInForeignCurrency": 2884.41,
	"ForeignCurrencyCode": "ForeignCurrencyCode 8",
	"PriceInLocalCurrency": 6673.2,
	"LocalCurrencyCode": "LocalCurrencyCode 8",
	"BookingDate": "/Date(1133465564000)/",
	"SalesOfficeID": "SalesOfficeID 8",
	"TravelAgencyID": "TravelAgencyID 8",
	"Cancelled": false,
	"Reserved": false,
	"PassengerName": "PassengerName 8",
	"Title": "Title 8",
	"PassengerDateOfBirth": "/Date(1184351564000)/",
	"__metadata": {
		"uri": "BookingCollection(AirLineID='AirLineID%208',FlightConnectionID='FlightConnectionID%208',FlightDate=datetime'2017-03-27T18%3A32%3A44',BookingID='BookingID%208')",
		"type": "RMTSAMPLEFLIGHT_2.Booking"
	},
	"BookedFlight": {
		"__deferred": {
			"uri": "BookingCollection(AirLineID='AirLineID%208',FlightConnectionID='FlightConnectionID%208',FlightDate=datetime'2017-03-27T18%3A32%3A44',BookingID='BookingID%208')/BookedFlight"
		}
	}
}, {
	"AirLineID": "AirLineID 9",
	"FlightConnectionID": "FlightConnectionID 9",
	"FlightDate": "/Date(1366050764000)/",
	"BookingID": "BookingID 9",
	"CustomerID": "CustomerID 9",
	"CustomerType": "CustomerType 9",
	"Smoker": true,
	"LuggageWeight": 3050.52,
	"WeightUnit": "WeightUnit 9",
	"Invoice": false,
	"FlightClass": "FlightClass 9",
	"PriceInForeignCurrency": 2114.01,
	"ForeignCurrencyCode": "ForeignCurrencyCode 9",
	"PriceInLocalCurrency": 865.68,
	"LocalCurrencyCode": "LocalCurrencyCode 9",
	"BookingDate": "/Date(1011727964000)/",
	"SalesOfficeID": "SalesOfficeID 9",
	"TravelAgencyID": "TravelAgencyID 9",
	"Cancelled": false,
	"Reserved": true,
	"PassengerName": "PassengerName 9",
	"Title": "Title 9",
	"PassengerDateOfBirth": "/Date(1538418764000)/",
	"__metadata": {
		"uri": "BookingCollection(AirLineID='AirLineID%209',FlightConnectionID='FlightConnectionID%209',FlightDate=datetime'2001-01-01T19%3A32%3A44',BookingID='BookingID%209')",
		"type": "RMTSAMPLEFLIGHT_2.Booking"
	},
	"BookedFlight": {
		"__deferred": {
			"uri": "BookingCollection(AirLineID='AirLineID%209',FlightConnectionID='FlightConnectionID%209',FlightDate=datetime'2001-01-01T19%3A32%3A44',BookingID='BookingID%209')/BookedFlight"
		}
	}
}, {
	"AirLineID": "AirLineID 10",
	"FlightConnectionID": "FlightConnectionID 10",
	"FlightDate": "/Date(1217701964000)/",
	"BookingID": "BookingID 10",
	"CustomerID": "CustomerID 10",
	"CustomerType": "CustomerType 10",
	"Smoker": false,
	"LuggageWeight": 7131.28,
	"WeightUnit": "WeightUnit 10",
	"Invoice": false,
	"FlightClass": "FlightClass 10",
	"PriceInForeignCurrency": 4669.02,
	"ForeignCurrencyCode": "ForeignCurrencyCode 10",
	"PriceInLocalCurrency": 5584.73,
	"LocalCurrencyCode": "LocalCurrencyCode 10",
	"BookingDate": "/Date(1136143964000)/",
	"SalesOfficeID": "SalesOfficeID 10",
	"TravelAgencyID": "TravelAgencyID 10",
	"Cancelled": true,
	"Reserved": true,
	"PassengerName": "PassengerName 10",
	"Title": "Title 10",
	"PassengerDateOfBirth": "/Date(1090780364000)/",
	"__metadata": {
		"uri": "BookingCollection(AirLineID='AirLineID%2010',FlightConnectionID='FlightConnectionID%2010',FlightDate=datetime'2003-12-04T19%3A32%3A44',BookingID='BookingID%2010')",
		"type": "RMTSAMPLEFLIGHT_2.Booking"
	},
	"BookedFlight": {
		"__deferred": {
			"uri": "BookingCollection(AirLineID='AirLineID%2010',FlightConnectionID='FlightConnectionID%2010',FlightDate=datetime'2003-12-04T19%3A32%3A44',BookingID='BookingID%2010')/BookedFlight"
		}
	}
}]