{
	"_version": "1.1.0",
	"resources": [
		{
			"name": ".Ui5RepositoryBinaryFiles"
		},
		{
			"name": ".Ui5RepositoryIgnore"
		},
		{
			"name": ".Ui5RepositoryTextFiles"
		},
		{
			"name": "App-dbg.controller.js",
			"module": "fin/ap/lineitems/display/App.controller.js",
			"isDebug": true,
			"required": [
				"sap/fin/arp/lib/lineitems/controller/AbstractController.js"
			]
		},
		{
			"name": "App.controller.js",
			"module": "fin/ap/lineitems/display/App.controller.js",
			"required": [
				"sap/fin/arp/lib/lineitems/controller/AbstractController.js"
			]
		},
		{
			"name": "App.view.xml",
			"module": "fin/ap/lineitems/display/App.view.xml",
			"required": [
				"fin/ap/lineitems/display/App.controller.js",
				"sap/m/App.js",
				"sap/ui/core/mvc/XMLView.js"
			]
		},
		{
			"name": "Component-dbg.js",
			"module": "fin/ap/lineitems/display/Component.js",
			"isDebug": true,
			"required": [
				"sap/fin/arp/lib/lineitems/util/ErrorHandler.js",
				"sap/ui/Device.js",
				"sap/ui/core/UIComponent.js"
			]
		},
		{
			"name": "Component-h2-preload-dbg.js",
			"module": "fin/ap/lineitems/display/Component-h2-preload.js",
			"isDebug": true,
			"merged": true,
			"required": [
				"sap/f/DynamicPage.js",
				"sap/f/DynamicPageHeader.js",
				"sap/f/DynamicPageTitle.js",
				"sap/fin/arp/lib/lineitems/controller/AbstractController.js",
				"sap/fin/arp/lib/lineitems/util/ErrorHandler.js",
				"sap/fin/central/lib/nav/SelectionVariant.js",
				"sap/m/App.js",
				"sap/m/Button.js",
				"sap/m/FlexItemData.js",
				"sap/m/Label.js",
				"sap/m/MessageBox.js",
				"sap/m/MultiComboBox.js",
				"sap/m/OverflowToolbar.js",
				"sap/m/Select.js",
				"sap/m/Text.js",
				"sap/m/ToolbarSpacer.js",
				"sap/ui/Device.js",
				"sap/ui/comp/navpopover/SemanticObjectController.js",
				"sap/ui/comp/navpopover/SmartLink.js",
				"sap/ui/comp/smartfilterbar/ControlConfiguration.js",
				"sap/ui/comp/smartfilterbar/SmartFilterBar.js",
				"sap/ui/comp/smarttable/SmartTable.js",
				"sap/ui/comp/smartvariants/SmartVariantManagement.js",
				"sap/ui/core/BusyIndicator.js",
				"sap/ui/core/CustomData.js",
				"sap/ui/core/ExtensionPoint.js",
				"sap/ui/core/Icon.js",
				"sap/ui/core/InvisibleText.js",
				"sap/ui/core/Item.js",
				"sap/ui/core/UIComponent.js",
				"sap/ui/core/mvc/XMLView.js",
				"sap/ui/table/AnalyticalColumn.js",
				"sap/ui/table/AnalyticalTable.js",
				"sap/ui/unified/Currency.js"
			],
			"included": [
				"fin/ap/lineitems/display/Component.js",
				"fin/ap/lineitems/display/manifest.json",
				"fin/ap/lineitems/display/App.controller.js",
				"fin/ap/lineitems/display/App.view.xml",
				"fin/ap/lineitems/display/i18n/copilot/i18n.properties",
				"fin/ap/lineitems/display/i18n/i18n.properties",
				"fin/ap/lineitems/display/i18n/i18n_ar.properties",
				"fin/ap/lineitems/display/i18n/i18n_bg.properties",
				"fin/ap/lineitems/display/i18n/i18n_ca.properties",
				"fin/ap/lineitems/display/i18n/i18n_cs.properties",
				"fin/ap/lineitems/display/i18n/i18n_da.properties",
				"fin/ap/lineitems/display/i18n/i18n_de.properties",
				"fin/ap/lineitems/display/i18n/i18n_el.properties",
				"fin/ap/lineitems/display/i18n/i18n_en.properties",
				"fin/ap/lineitems/display/i18n/i18n_en_US_sappsd.properties",
				"fin/ap/lineitems/display/i18n/i18n_en_US_saptrc.properties",
				"fin/ap/lineitems/display/i18n/i18n_es.properties",
				"fin/ap/lineitems/display/i18n/i18n_et.properties",
				"fin/ap/lineitems/display/i18n/i18n_fi.properties",
				"fin/ap/lineitems/display/i18n/i18n_fr.properties",
				"fin/ap/lineitems/display/i18n/i18n_hi.properties",
				"fin/ap/lineitems/display/i18n/i18n_hr.properties",
				"fin/ap/lineitems/display/i18n/i18n_hu.properties",
				"fin/ap/lineitems/display/i18n/i18n_it.properties",
				"fin/ap/lineitems/display/i18n/i18n_iw.properties",
				"fin/ap/lineitems/display/i18n/i18n_ja.properties",
				"fin/ap/lineitems/display/i18n/i18n_kk.properties",
				"fin/ap/lineitems/display/i18n/i18n_ko.properties",
				"fin/ap/lineitems/display/i18n/i18n_lt.properties",
				"fin/ap/lineitems/display/i18n/i18n_lv.properties",
				"fin/ap/lineitems/display/i18n/i18n_ms.properties",
				"fin/ap/lineitems/display/i18n/i18n_nl.properties",
				"fin/ap/lineitems/display/i18n/i18n_no.properties",
				"fin/ap/lineitems/display/i18n/i18n_pl.properties",
				"fin/ap/lineitems/display/i18n/i18n_pt.properties",
				"fin/ap/lineitems/display/i18n/i18n_ro.properties",
				"fin/ap/lineitems/display/i18n/i18n_ru.properties",
				"fin/ap/lineitems/display/i18n/i18n_sh.properties",
				"fin/ap/lineitems/display/i18n/i18n_sk.properties",
				"fin/ap/lineitems/display/i18n/i18n_sl.properties",
				"fin/ap/lineitems/display/i18n/i18n_sv.properties",
				"fin/ap/lineitems/display/i18n/i18n_th.properties",
				"fin/ap/lineitems/display/i18n/i18n_tr.properties",
				"fin/ap/lineitems/display/i18n/i18n_uk.properties",
				"fin/ap/lineitems/display/i18n/i18n_vi.properties",
				"fin/ap/lineitems/display/i18n/i18n_zh_CN.properties",
				"fin/ap/lineitems/display/i18n/i18n_zh_TW.properties",
				"fin/ap/lineitems/display/view/S1.controller.js",
				"fin/ap/lineitems/display/view/S1.view.xml"
			]
		},
		{
			"name": "Component-h2-preload.js",
			"module": "fin/ap/lineitems/display/Component-h2-preload.js",
			"merged": true,
			"required": [
				"sap/f/DynamicPage.js",
				"sap/f/DynamicPageHeader.js",
				"sap/f/DynamicPageTitle.js",
				"sap/fin/arp/lib/lineitems/controller/AbstractController.js",
				"sap/fin/arp/lib/lineitems/util/ErrorHandler.js",
				"sap/fin/central/lib/nav/SelectionVariant.js",
				"sap/m/App.js",
				"sap/m/Button.js",
				"sap/m/FlexItemData.js",
				"sap/m/Label.js",
				"sap/m/MessageBox.js",
				"sap/m/MultiComboBox.js",
				"sap/m/OverflowToolbar.js",
				"sap/m/Select.js",
				"sap/m/Text.js",
				"sap/m/ToolbarSpacer.js",
				"sap/ui/Device.js",
				"sap/ui/comp/navpopover/SemanticObjectController.js",
				"sap/ui/comp/navpopover/SmartLink.js",
				"sap/ui/comp/smartfilterbar/ControlConfiguration.js",
				"sap/ui/comp/smartfilterbar/SmartFilterBar.js",
				"sap/ui/comp/smarttable/SmartTable.js",
				"sap/ui/comp/smartvariants/SmartVariantManagement.js",
				"sap/ui/core/BusyIndicator.js",
				"sap/ui/core/CustomData.js",
				"sap/ui/core/ExtensionPoint.js",
				"sap/ui/core/Icon.js",
				"sap/ui/core/InvisibleText.js",
				"sap/ui/core/Item.js",
				"sap/ui/core/UIComponent.js",
				"sap/ui/core/mvc/XMLView.js",
				"sap/ui/table/AnalyticalColumn.js",
				"sap/ui/table/AnalyticalTable.js",
				"sap/ui/unified/Currency.js"
			],
			"included": [
				"fin/ap/lineitems/display/Component.js",
				"fin/ap/lineitems/display/manifest.json",
				"fin/ap/lineitems/display/App.controller.js",
				"fin/ap/lineitems/display/App.view.xml",
				"fin/ap/lineitems/display/i18n/copilot/i18n.properties",
				"fin/ap/lineitems/display/i18n/i18n.properties",
				"fin/ap/lineitems/display/i18n/i18n_ar.properties",
				"fin/ap/lineitems/display/i18n/i18n_bg.properties",
				"fin/ap/lineitems/display/i18n/i18n_ca.properties",
				"fin/ap/lineitems/display/i18n/i18n_cs.properties",
				"fin/ap/lineitems/display/i18n/i18n_da.properties",
				"fin/ap/lineitems/display/i18n/i18n_de.properties",
				"fin/ap/lineitems/display/i18n/i18n_el.properties",
				"fin/ap/lineitems/display/i18n/i18n_en.properties",
				"fin/ap/lineitems/display/i18n/i18n_en_US_sappsd.properties",
				"fin/ap/lineitems/display/i18n/i18n_en_US_saptrc.properties",
				"fin/ap/lineitems/display/i18n/i18n_es.properties",
				"fin/ap/lineitems/display/i18n/i18n_et.properties",
				"fin/ap/lineitems/display/i18n/i18n_fi.properties",
				"fin/ap/lineitems/display/i18n/i18n_fr.properties",
				"fin/ap/lineitems/display/i18n/i18n_hi.properties",
				"fin/ap/lineitems/display/i18n/i18n_hr.properties",
				"fin/ap/lineitems/display/i18n/i18n_hu.properties",
				"fin/ap/lineitems/display/i18n/i18n_it.properties",
				"fin/ap/lineitems/display/i18n/i18n_iw.properties",
				"fin/ap/lineitems/display/i18n/i18n_ja.properties",
				"fin/ap/lineitems/display/i18n/i18n_kk.properties",
				"fin/ap/lineitems/display/i18n/i18n_ko.properties",
				"fin/ap/lineitems/display/i18n/i18n_lt.properties",
				"fin/ap/lineitems/display/i18n/i18n_lv.properties",
				"fin/ap/lineitems/display/i18n/i18n_ms.properties",
				"fin/ap/lineitems/display/i18n/i18n_nl.properties",
				"fin/ap/lineitems/display/i18n/i18n_no.properties",
				"fin/ap/lineitems/display/i18n/i18n_pl.properties",
				"fin/ap/lineitems/display/i18n/i18n_pt.properties",
				"fin/ap/lineitems/display/i18n/i18n_ro.properties",
				"fin/ap/lineitems/display/i18n/i18n_ru.properties",
				"fin/ap/lineitems/display/i18n/i18n_sh.properties",
				"fin/ap/lineitems/display/i18n/i18n_sk.properties",
				"fin/ap/lineitems/display/i18n/i18n_sl.properties",
				"fin/ap/lineitems/display/i18n/i18n_sv.properties",
				"fin/ap/lineitems/display/i18n/i18n_th.properties",
				"fin/ap/lineitems/display/i18n/i18n_tr.properties",
				"fin/ap/lineitems/display/i18n/i18n_uk.properties",
				"fin/ap/lineitems/display/i18n/i18n_vi.properties",
				"fin/ap/lineitems/display/i18n/i18n_zh_CN.properties",
				"fin/ap/lineitems/display/i18n/i18n_zh_TW.properties",
				"fin/ap/lineitems/display/view/S1.controller.js",
				"fin/ap/lineitems/display/view/S1.view.xml"
			]
		},
		{
			"name": "Component-preload.js",
			"module": "fin/ap/lineitems/display/Component-preload.js",
			"merged": true,
			"required": [
				"sap/f/DynamicPage.js",
				"sap/f/DynamicPageHeader.js",
				"sap/f/DynamicPageTitle.js",
				"sap/fin/arp/lib/lineitems/controller/AbstractController.js",
				"sap/fin/arp/lib/lineitems/util/ErrorHandler.js",
				"sap/fin/central/lib/nav/SelectionVariant.js",
				"sap/m/App.js",
				"sap/m/Button.js",
				"sap/m/FlexItemData.js",
				"sap/m/Label.js",
				"sap/m/MessageBox.js",
				"sap/m/MultiComboBox.js",
				"sap/m/OverflowToolbar.js",
				"sap/m/Select.js",
				"sap/m/Text.js",
				"sap/m/ToolbarSpacer.js",
				"sap/ui/Device.js",
				"sap/ui/comp/navpopover/SemanticObjectController.js",
				"sap/ui/comp/navpopover/SmartLink.js",
				"sap/ui/comp/smartfilterbar/ControlConfiguration.js",
				"sap/ui/comp/smartfilterbar/SmartFilterBar.js",
				"sap/ui/comp/smarttable/SmartTable.js",
				"sap/ui/comp/smartvariants/SmartVariantManagement.js",
				"sap/ui/core/BusyIndicator.js",
				"sap/ui/core/CustomData.js",
				"sap/ui/core/ExtensionPoint.js",
				"sap/ui/core/Icon.js",
				"sap/ui/core/InvisibleText.js",
				"sap/ui/core/Item.js",
				"sap/ui/core/UIComponent.js",
				"sap/ui/core/mvc/XMLView.js",
				"sap/ui/table/AnalyticalColumn.js",
				"sap/ui/table/AnalyticalTable.js",
				"sap/ui/unified/Currency.js"
			],
			"included": [
				"fin/ap/lineitems/display/App.controller.js",
				"fin/ap/lineitems/display/App.view.xml",
				"fin/ap/lineitems/display/Component.js",
				"fin/ap/lineitems/display/i18n/copilot/i18n.properties",
				"fin/ap/lineitems/display/i18n/i18n.properties",
				"fin/ap/lineitems/display/i18n/i18n_ar.properties",
				"fin/ap/lineitems/display/i18n/i18n_bg.properties",
				"fin/ap/lineitems/display/i18n/i18n_ca.properties",
				"fin/ap/lineitems/display/i18n/i18n_cs.properties",
				"fin/ap/lineitems/display/i18n/i18n_da.properties",
				"fin/ap/lineitems/display/i18n/i18n_de.properties",
				"fin/ap/lineitems/display/i18n/i18n_el.properties",
				"fin/ap/lineitems/display/i18n/i18n_en.properties",
				"fin/ap/lineitems/display/i18n/i18n_en_US_sappsd.properties",
				"fin/ap/lineitems/display/i18n/i18n_en_US_saptrc.properties",
				"fin/ap/lineitems/display/i18n/i18n_es.properties",
				"fin/ap/lineitems/display/i18n/i18n_et.properties",
				"fin/ap/lineitems/display/i18n/i18n_fi.properties",
				"fin/ap/lineitems/display/i18n/i18n_fr.properties",
				"fin/ap/lineitems/display/i18n/i18n_hi.properties",
				"fin/ap/lineitems/display/i18n/i18n_hr.properties",
				"fin/ap/lineitems/display/i18n/i18n_hu.properties",
				"fin/ap/lineitems/display/i18n/i18n_it.properties",
				"fin/ap/lineitems/display/i18n/i18n_iw.properties",
				"fin/ap/lineitems/display/i18n/i18n_ja.properties",
				"fin/ap/lineitems/display/i18n/i18n_kk.properties",
				"fin/ap/lineitems/display/i18n/i18n_ko.properties",
				"fin/ap/lineitems/display/i18n/i18n_lt.properties",
				"fin/ap/lineitems/display/i18n/i18n_lv.properties",
				"fin/ap/lineitems/display/i18n/i18n_ms.properties",
				"fin/ap/lineitems/display/i18n/i18n_nl.properties",
				"fin/ap/lineitems/display/i18n/i18n_no.properties",
				"fin/ap/lineitems/display/i18n/i18n_pl.properties",
				"fin/ap/lineitems/display/i18n/i18n_pt.properties",
				"fin/ap/lineitems/display/i18n/i18n_ro.properties",
				"fin/ap/lineitems/display/i18n/i18n_ru.properties",
				"fin/ap/lineitems/display/i18n/i18n_sh.properties",
				"fin/ap/lineitems/display/i18n/i18n_sk.properties",
				"fin/ap/lineitems/display/i18n/i18n_sl.properties",
				"fin/ap/lineitems/display/i18n/i18n_sv.properties",
				"fin/ap/lineitems/display/i18n/i18n_th.properties",
				"fin/ap/lineitems/display/i18n/i18n_tr.properties",
				"fin/ap/lineitems/display/i18n/i18n_uk.properties",
				"fin/ap/lineitems/display/i18n/i18n_vi.properties",
				"fin/ap/lineitems/display/i18n/i18n_zh_CN.properties",
				"fin/ap/lineitems/display/i18n/i18n_zh_TW.properties",
				"fin/ap/lineitems/display/manifest.json",
				"fin/ap/lineitems/display/view/S1.controller.js",
				"fin/ap/lineitems/display/view/S1.view.xml"
			]
		},
		{
			"name": "Component.js",
			"module": "fin/ap/lineitems/display/Component.js",
			"required": [
				"sap/fin/arp/lib/lineitems/util/ErrorHandler.js",
				"sap/ui/Device.js",
				"sap/ui/core/UIComponent.js"
			]
		},
		{
			"name": "copilot/intent.xml"
		},
		{
			"name": "i18n/copilot/i18n.properties",
			"module": "fin/ap/lineitems/display/i18n/copilot/i18n.properties"
		},
		{
			"name": "i18n/i18n.properties",
			"module": "fin/ap/lineitems/display/i18n/i18n.properties",
			"locale": "",
			"raw": "i18n/i18n.properties"
		},
		{
			"name": "i18n/i18n_ar.properties",
			"module": "fin/ap/lineitems/display/i18n/i18n_ar.properties",
			"locale": "ar",
			"raw": "i18n/i18n.properties"
		},
		{
			"name": "i18n/i18n_bg.properties",
			"module": "fin/ap/lineitems/display/i18n/i18n_bg.properties",
			"locale": "bg",
			"raw": "i18n/i18n.properties"
		},
		{
			"name": "i18n/i18n_ca.properties",
			"module": "fin/ap/lineitems/display/i18n/i18n_ca.properties",
			"locale": "ca",
			"raw": "i18n/i18n.properties"
		},
		{
			"name": "i18n/i18n_cs.properties",
			"module": "fin/ap/lineitems/display/i18n/i18n_cs.properties",
			"locale": "cs",
			"raw": "i18n/i18n.properties"
		},
		{
			"name": "i18n/i18n_da.properties",
			"module": "fin/ap/lineitems/display/i18n/i18n_da.properties",
			"locale": "da",
			"raw": "i18n/i18n.properties"
		},
		{
			"name": "i18n/i18n_de.properties",
			"module": "fin/ap/lineitems/display/i18n/i18n_de.properties",
			"locale": "de",
			"raw": "i18n/i18n.properties"
		},
		{
			"name": "i18n/i18n_el.properties",
			"module": "fin/ap/lineitems/display/i18n/i18n_el.properties",
			"locale": "el",
			"raw": "i18n/i18n.properties"
		},
		{
			"name": "i18n/i18n_en.properties",
			"module": "fin/ap/lineitems/display/i18n/i18n_en.properties",
			"locale": "en",
			"raw": "i18n/i18n.properties"
		},
		{
			"name": "i18n/i18n_en_US_sappsd.properties",
			"module": "fin/ap/lineitems/display/i18n/i18n_en_US_sappsd.properties",
			"locale": "en_US_sappsd",
			"raw": "i18n/i18n.properties"
		},
		{
			"name": "i18n/i18n_en_US_saptrc.properties",
			"module": "fin/ap/lineitems/display/i18n/i18n_en_US_saptrc.properties",
			"locale": "en_US_saptrc",
			"raw": "i18n/i18n.properties"
		},
		{
			"name": "i18n/i18n_es.properties",
			"module": "fin/ap/lineitems/display/i18n/i18n_es.properties",
			"locale": "es",
			"raw": "i18n/i18n.properties"
		},
		{
			"name": "i18n/i18n_et.properties",
			"module": "fin/ap/lineitems/display/i18n/i18n_et.properties",
			"locale": "et",
			"raw": "i18n/i18n.properties"
		},
		{
			"name": "i18n/i18n_fi.properties",
			"module": "fin/ap/lineitems/display/i18n/i18n_fi.properties",
			"locale": "fi",
			"raw": "i18n/i18n.properties"
		},
		{
			"name": "i18n/i18n_fr.properties",
			"module": "fin/ap/lineitems/display/i18n/i18n_fr.properties",
			"locale": "fr",
			"raw": "i18n/i18n.properties"
		},
		{
			"name": "i18n/i18n_hi.properties",
			"module": "fin/ap/lineitems/display/i18n/i18n_hi.properties",
			"locale": "hi",
			"raw": "i18n/i18n.properties"
		},
		{
			"name": "i18n/i18n_hr.properties",
			"module": "fin/ap/lineitems/display/i18n/i18n_hr.properties",
			"locale": "hr",
			"raw": "i18n/i18n.properties"
		},
		{
			"name": "i18n/i18n_hu.properties",
			"module": "fin/ap/lineitems/display/i18n/i18n_hu.properties",
			"locale": "hu",
			"raw": "i18n/i18n.properties"
		},
		{
			"name": "i18n/i18n_it.properties",
			"module": "fin/ap/lineitems/display/i18n/i18n_it.properties",
			"locale": "it",
			"raw": "i18n/i18n.properties"
		},
		{
			"name": "i18n/i18n_iw.properties",
			"module": "fin/ap/lineitems/display/i18n/i18n_iw.properties",
			"locale": "iw",
			"raw": "i18n/i18n.properties"
		},
		{
			"name": "i18n/i18n_ja.properties",
			"module": "fin/ap/lineitems/display/i18n/i18n_ja.properties",
			"locale": "ja",
			"raw": "i18n/i18n.properties"
		},
		{
			"name": "i18n/i18n_kk.properties",
			"module": "fin/ap/lineitems/display/i18n/i18n_kk.properties",
			"locale": "kk",
			"raw": "i18n/i18n.properties"
		},
		{
			"name": "i18n/i18n_ko.properties",
			"module": "fin/ap/lineitems/display/i18n/i18n_ko.properties",
			"locale": "ko",
			"raw": "i18n/i18n.properties"
		},
		{
			"name": "i18n/i18n_lt.properties",
			"module": "fin/ap/lineitems/display/i18n/i18n_lt.properties",
			"locale": "lt",
			"raw": "i18n/i18n.properties"
		},
		{
			"name": "i18n/i18n_lv.properties",
			"module": "fin/ap/lineitems/display/i18n/i18n_lv.properties",
			"locale": "lv",
			"raw": "i18n/i18n.properties"
		},
		{
			"name": "i18n/i18n_ms.properties",
			"module": "fin/ap/lineitems/display/i18n/i18n_ms.properties",
			"locale": "ms",
			"raw": "i18n/i18n.properties"
		},
		{
			"name": "i18n/i18n_nl.properties",
			"module": "fin/ap/lineitems/display/i18n/i18n_nl.properties",
			"locale": "nl",
			"raw": "i18n/i18n.properties"
		},
		{
			"name": "i18n/i18n_no.properties",
			"module": "fin/ap/lineitems/display/i18n/i18n_no.properties",
			"locale": "no",
			"raw": "i18n/i18n.properties"
		},
		{
			"name": "i18n/i18n_pl.properties",
			"module": "fin/ap/lineitems/display/i18n/i18n_pl.properties",
			"locale": "pl",
			"raw": "i18n/i18n.properties"
		},
		{
			"name": "i18n/i18n_pt.properties",
			"module": "fin/ap/lineitems/display/i18n/i18n_pt.properties",
			"locale": "pt",
			"raw": "i18n/i18n.properties"
		},
		{
			"name": "i18n/i18n_ro.properties",
			"module": "fin/ap/lineitems/display/i18n/i18n_ro.properties",
			"locale": "ro",
			"raw": "i18n/i18n.properties"
		},
		{
			"name": "i18n/i18n_ru.properties",
			"module": "fin/ap/lineitems/display/i18n/i18n_ru.properties",
			"locale": "ru",
			"raw": "i18n/i18n.properties"
		},
		{
			"name": "i18n/i18n_sh.properties",
			"module": "fin/ap/lineitems/display/i18n/i18n_sh.properties",
			"locale": "sh",
			"raw": "i18n/i18n.properties"
		},
		{
			"name": "i18n/i18n_sk.properties",
			"module": "fin/ap/lineitems/display/i18n/i18n_sk.properties",
			"locale": "sk",
			"raw": "i18n/i18n.properties"
		},
		{
			"name": "i18n/i18n_sl.properties",
			"module": "fin/ap/lineitems/display/i18n/i18n_sl.properties",
			"locale": "sl",
			"raw": "i18n/i18n.properties"
		},
		{
			"name": "i18n/i18n_sv.properties",
			"module": "fin/ap/lineitems/display/i18n/i18n_sv.properties",
			"locale": "sv",
			"raw": "i18n/i18n.properties"
		},
		{
			"name": "i18n/i18n_th.properties",
			"module": "fin/ap/lineitems/display/i18n/i18n_th.properties",
			"locale": "th",
			"raw": "i18n/i18n.properties"
		},
		{
			"name": "i18n/i18n_tr.properties",
			"module": "fin/ap/lineitems/display/i18n/i18n_tr.properties",
			"locale": "tr",
			"raw": "i18n/i18n.properties"
		},
		{
			"name": "i18n/i18n_uk.properties",
			"module": "fin/ap/lineitems/display/i18n/i18n_uk.properties",
			"locale": "uk",
			"raw": "i18n/i18n.properties"
		},
		{
			"name": "i18n/i18n_vi.properties",
			"module": "fin/ap/lineitems/display/i18n/i18n_vi.properties",
			"locale": "vi",
			"raw": "i18n/i18n.properties"
		},
		{
			"name": "i18n/i18n_zh_CN.properties",
			"module": "fin/ap/lineitems/display/i18n/i18n_zh_CN.properties",
			"locale": "zh_CN",
			"raw": "i18n/i18n.properties"
		},
		{
			"name": "i18n/i18n_zh_TW.properties",
			"module": "fin/ap/lineitems/display/i18n/i18n_zh_TW.properties",
			"locale": "zh_TW",
			"raw": "i18n/i18n.properties"
		},
		{
			"name": "img/home/114_iPhone_Retina_Web_Clip.png"
		},
		{
			"name": "img/home/144_iPad_Retina_Web_Clip.png"
		},
		{
			"name": "img/home/57_iPhone_Desktop_Launch.png"
		},
		{
			"name": "img/home/72_iPad_Desktop_Launch.png"
		},
		{
			"name": "img/home/favicon.ico"
		},
		{
			"name": "manifest.json",
			"module": "fin/ap/lineitems/display/manifest.json"
		},
		{
			"name": "model/metadata.xml"
		},
		{
			"name": "resources.json"
		},
		{
			"name": "version.json"
		},
		{
			"name": "view/S1-dbg.controller.js",
			"module": "fin/ap/lineitems/display/view/S1.controller.js",
			"isDebug": true,
			"required": [
				"sap/fin/arp/lib/lineitems/controller/AbstractController.js",
				"sap/fin/central/lib/nav/SelectionVariant.js",
				"sap/m/MessageBox.js",
				"sap/ui/core/BusyIndicator.js"
			]
		},
		{
			"name": "view/S1.controller.js",
			"module": "fin/ap/lineitems/display/view/S1.controller.js",
			"required": [
				"sap/fin/arp/lib/lineitems/controller/AbstractController.js",
				"sap/fin/central/lib/nav/SelectionVariant.js",
				"sap/m/MessageBox.js",
				"sap/ui/core/BusyIndicator.js"
			]
		},
		{
			"name": "view/S1.view.xml",
			"module": "fin/ap/lineitems/display/view/S1.view.xml",
			"required": [
				"fin/ap/lineitems/display/view/S1.controller.js",
				"sap/f/DynamicPage.js",
				"sap/f/DynamicPageHeader.js",
				"sap/f/DynamicPageTitle.js",
				"sap/m/Button.js",
				"sap/m/FlexItemData.js",
				"sap/m/Label.js",
				"sap/m/MultiComboBox.js",
				"sap/m/OverflowToolbar.js",
				"sap/m/Select.js",
				"sap/m/Text.js",
				"sap/m/ToolbarSpacer.js",
				"sap/ui/comp/navpopover/SemanticObjectController.js",
				"sap/ui/comp/navpopover/SmartLink.js",
				"sap/ui/comp/smartfilterbar/ControlConfiguration.js",
				"sap/ui/comp/smartfilterbar/SmartFilterBar.js",
				"sap/ui/comp/smarttable/SmartTable.js",
				"sap/ui/comp/smartvariants/SmartVariantManagement.js",
				"sap/ui/core/CustomData.js",
				"sap/ui/core/ExtensionPoint.js",
				"sap/ui/core/Icon.js",
				"sap/ui/core/InvisibleText.js",
				"sap/ui/core/Item.js",
				"sap/ui/core/mvc/XMLView.js",
				"sap/ui/table/AnalyticalColumn.js",
				"sap/ui/table/AnalyticalTable.js",
				"sap/ui/unified/Currency.js"
			]
		}
	]
}