<edmx:Edmx xmlns:edmx="http://schemas.microsoft.com/ado/2007/06/edmx"
	xmlns:m="http://schemas.microsoft.com/ado/2007/08/dataservices/metadata" xmlns:sap="http://www.sap.com/Protocols/SAPData" Version="1.0">
	<edmx:DataServices m:DataServiceVersion="2.0">
		<Schema xmlns="http://schemas.microsoft.com/ado/2008/09/edm" Namespace="ZSL_EPM_DEMO_SRV" xml:lang="en" sap:schema-version="1">
			<EntityType Name="SalesOrder" sap:content-version="1">
				<Key><PropertyRef Name="SoId"/></Key><Property Name="SoId" Type="Edm.String" Nullable="false" MaxLength="10" sap:unicode="false" sap:label="Sales Order ID" sap:creatable="false"
					sap:updatable="false" sap:sortable="false" sap:filterable="false"/><Property Name="CurrencyCode" Type="Edm.String" Nullable="false" MaxLength="5" sap:unicode="false" sap:label="Currency Code"
					sap:creatable="false" sap:updatable="false" sap:sortable="false" sap:filterable="false" sap:semantics="currency-code"/><Property Name="GrossAmount" Type="Edm.Decimal" Nullable="false" Precision="16" Scale="3" sap:unicode="false" sap:unit="CurrencyCode"
					sap:label="Gross Amount" sap:creatable="false" sap:updatable="false" sap:sortable="false" sap:filterable="false"/><Property Name="NetAmount" Type="Edm.Decimal" Nullable="false" Precision="16" Scale="3" sap:unicode="false" sap:unit="CurrencyCode"
					sap:label="Net Amount" sap:creatable="false" sap:updatable="false" sap:sortable="false" sap:filterable="false"/><Property Name="TaxAmount" Type="Edm.Decimal" Nullable="false" Precision="16" Scale="3" sap:unicode="false" sap:unit="CurrencyCode"
					sap:label="Tax Amount" sap:creatable="false" sap:updatable="false" sap:sortable="false" sap:filterable="false"/><NavigationProperty Name="OrderToItems" Relationship="ZSL_EPM_DEMO_SRV.SalesOrderToOrderItems" FromRole="FromRole_SalesOrderToOrderItems"
					ToRole="ToRole_SalesOrderToOrderItems"/></EntityType>
			<EntityType Name="OrderItems" sap:content-version="1">
				<Key><PropertyRef Name="SoId"/><PropertyRef Name="SoItemPos"/></Key><Property Name="SoId" Type="Edm.String" Nullable="false" MaxLength="10" sap:unicode="false" sap:label="Sales Order ID" sap:creatable="false"
					sap:updatable="false" sap:sortable="false" sap:filterable="false"/><Property Name="SoItemPos" Type="Edm.String" Nullable="false" MaxLength="10" sap:unicode="false" sap:label="Item Position"
					sap:creatable="false" sap:updatable="false" sap:sortable="false" sap:filterable="false"/><Property Name="ProductId" Type="Edm.String" Nullable="false" MaxLength="10" sap:unicode="false" sap:label="Product ID"
					sap:creatable="false" sap:updatable="false" sap:sortable="false" sap:filterable="false"/><Property Name="Note" Type="Edm.String" Nullable="false" MaxLength="255" sap:unicode="false" sap:label="Description" sap:creatable="false"
					sap:updatable="false" sap:sortable="false" sap:filterable="false"/><Property Name="CurrencyCode" Type="Edm.String" Nullable="false" MaxLength="5" sap:unicode="false" sap:label="Currency Code"
					sap:creatable="false" sap:updatable="false" sap:sortable="false" sap:filterable="false" sap:semantics="currency-code"/><Property Name="GrossAmount" Type="Edm.Decimal" Nullable="false" Precision="16" Scale="3" sap:unicode="false" sap:unit="CurrencyCode"
					sap:label="Gross Amount" sap:creatable="false" sap:updatable="false" sap:sortable="false" sap:filterable="false"/><Property Name="GrossAmountExt" Type="Edm.Decimal" Nullable="false" Precision="23" Scale="4" sap:unicode="false" sap:label="Amount"
					sap:creatable="false" sap:updatable="false" sap:sortable="false" sap:filterable="false"/><Property Name="NetAmount" Type="Edm.Decimal" Nullable="false" Precision="16" Scale="3" sap:unicode="false" sap:unit="CurrencyCode"
					sap:label="Net Amount" sap:creatable="false" sap:updatable="false" sap:sortable="false" sap:filterable="false"/><Property Name="NetAmountExt" Type="Edm.Decimal" Nullable="false" Precision="23" Scale="4" sap:unicode="false" sap:label="Amount"
					sap:creatable="false" sap:updatable="false" sap:sortable="false" sap:filterable="false"/><Property Name="TaxAmount" Type="Edm.Decimal" Nullable="false" Precision="16" Scale="3" sap:unicode="false" sap:unit="CurrencyCode"
					sap:label="Tax Amount" sap:creatable="false" sap:updatable="false" sap:sortable="false" sap:filterable="false"/><Property Name="TaxAmountExt" Type="Edm.Decimal" Nullable="false" Precision="23" Scale="4" sap:unicode="false" sap:label="Amount"
					sap:creatable="false" sap:updatable="false" sap:sortable="false" sap:filterable="false"/><Property Name="DeliveryDate" Type="Edm.DateTime" Nullable="false" Precision="7" sap:unicode="false" sap:label="Time Stamp"
					sap:creatable="false" sap:updatable="false" sap:sortable="false" sap:filterable="false"/><Property Name="Quantity" Type="Edm.Decimal" Nullable="false" Precision="13" Scale="3" sap:unicode="false" sap:unit="QuantityUnit"
					sap:label="Quantity" sap:creatable="false" sap:updatable="false" sap:sortable="false" sap:filterable="false"/><Property Name="QuantityUnit" Type="Edm.String" Nullable="false" MaxLength="3" sap:unicode="false" sap:label="Unit of Measure"
					sap:creatable="false" sap:updatable="false" sap:sortable="false" sap:filterable="false" sap:semantics="unit-of-measure"/></EntityType>
			<Association Name="SalesOrderToOrderItems" sap:content-version="1"><End Type="ZSL_EPM_DEMO_SRV.SalesOrder" Multiplicity="1" Role="FromRole_SalesOrderToOrderItems"/><End Type="ZSL_EPM_DEMO_SRV.OrderItems" Multiplicity="*" Role="ToRole_SalesOrderToOrderItems"/>
				<ReferentialConstraint>
					<Principal Role="FromRole_SalesOrderToOrderItems"><PropertyRef Name="SoId"/></Principal>
					<Dependent Role="ToRole_SalesOrderToOrderItems"><PropertyRef Name="SoId"/></Dependent>
				</ReferentialConstraint>
			</Association>
			<EntityContainer Name="ZSL_EPM_DEMO_SRV_Entities" m:IsDefaultEntityContainer="true" sap:supported-formats="atom json xlsx"><EntitySet Name="SalesOrderSet" EntityType="ZSL_EPM_DEMO_SRV.SalesOrder" sap:creatable="false" sap:updatable="false" sap:deletable="false"
				sap:pageable="false" sap:content-version="1"/><EntitySet Name="OrderItemsSet" EntityType="ZSL_EPM_DEMO_SRV.OrderItems" sap:creatable="false" sap:updatable="false" sap:deletable="false"
				sap:pageable="false" sap:content-version="1"/>
				<AssociationSet Name="SalesOrderToOrderItemsSet" Association="ZSL_EPM_DEMO_SRV.SalesOrderToOrderItems" sap:creatable="false"
					sap:updatable="false" sap:deletable="false" sap:content-version="1"><End EntitySet="SalesOrderSet" Role="FromRole_SalesOrderToOrderItems"/><End EntitySet="OrderItemsSet" Role="ToRole_SalesOrderToOrderItems"/></AssociationSet>
			</EntityContainer><atom:link xmlns:atom="http://www.w3.org/2005/Atom" rel="self" href="./sap/ZSL_EPM_DEMO_SRV/$metadata"/><atom:link xmlns:atom="http://www.w3.org/2005/Atom" rel="latest-version" href="./sap/ZSL_EPM_DEMO_SRV/$metadata"/></Schema>
	</edmx:DataServices>
</edmx:Edmx>