<mvc:View
	controllerName="sap.m.sample.Table.Table"
	xmlns:mvc="sap.ui.core.mvc"
	xmlns:core="sap.ui.core"
	xmlns="sap.m">
	<Table id="idProductsTable"
		inset="false"
		items="{
			path: '/ProductCollection',
			sorter: {
				path: 'Name'
			}
		}">
		<headerToolbar>
			<Toolbar>
				<content>
					<Title text="Products" level="H2"/>
					<Button icon="sap-icon://group-2" id="btnGroup" text="Group by supplier name" press="onGroupBySupplier"/>
					<ToolbarSpacer />
					<ComboBox id="idPopinLayout"
						placeholder="Popin layout options"
						change="onPopinLayoutChanged">
						<items>
							<core:Item  text="Block"
								key="Block"/>
							<core:Item  text="Grid Large"
								key="GridLarge"/>
							<core:Item  text="Grid Small"
								key="GridSmall"/>
						</items>
					</ComboBox>
					<MultiComboBox id="idSticky"
						placeholder="Sticky options"
						selectionFinish="onSelectionFinish"
						width="15%">
						<items>
							<core:Item  text="Column headers"
								key="ColumnHeaders"/>
							<core:Item  text="Header Toolbar"
								key="HeaderToolbar"/>
							<core:Item  text="Info Toolbar"
								key="InfoToolbar"/>
						</items>
					</MultiComboBox>
					<ToggleButton id="toggleInfoToolbar"
						text="Hide/Show InfoToolbar"
						press="onToggleInfoToolbar" />
				</content>
			</Toolbar>
		</headerToolbar>
		<infoToolbar>
			<Toolbar active="ture">
				<Label text="Wide range of available products"/>
			</Toolbar>
		</infoToolbar>
		<columns>
			<Column
				width="12em">
				<Text text="Product" />
			</Column>
			<Column>
				<header>
					<Toolbar>
				<Text text="Category" />								
						<Button icon="sap-icon://sort" press="onSortCategory" tooltip="Sort the list by category"/>
				
					</Toolbar>
				</header>

			</Column>			
			<Column
				minScreenWidth="Tablet"
				demandPopin="true">
				<Text text="Supplier" />
			</Column>
			<Column
				minScreenWidth="Desktop"
				demandPopin="true"
				hAlign="End">
				<Text text="Dimensions" />
			</Column>
			<Column
				minScreenWidth="Desktop"
				demandPopin="true"
				hAlign="Center">
				<Text text="Weight" />
			</Column>
			<Column
				hAlign="End">
				<Text text="Price" />
			</Column>
		</columns>
		<items>
			<ColumnListItem>
				<cells>
					<ObjectIdentifier
						title="{Name}"
						text="{ProductId}"/>
					<Text
						text="{Category}" />						
					<Text
						text="{SupplierName}" />
					<Text
						text="{Width} x {Depth} x {Height} {DimUnit}" />
					<ObjectNumber
						number="{WeightMeasure}"
						unit="{WeightUnit}"
						state="{
							parts: [
								{path: 'WeightMeasure'},
								{path: 'WeightUnit'}
							],
							formatter: 'sap.m.sample.Table.Formatter.weightState'
						}" />
					<ObjectNumber
							number="{
								parts:[{path:'Price'},{path:'CurrencyCode'}],
								type: 'sap.ui.model.type.Currency',
								formatOptions: {showMeasure: false}
							}"
							unit="{CurrencyCode}" />
				</cells>
			</ColumnListItem>
		</items>
	</Table>
</mvc:View>